[
	{
		"fields": {
			"password": "pbkdf2_sha256$150000$40$mbu3EIOy+CJGurks5j21JugGIq6arcSgON2NUt0MTXM=",
			"last_login": null,
			"is_superuser": false,
			"username": "Antonio",
			"first_name": "Antonio",
			"last_name": "Macías",
			"email": "antmaczam@gmail.com",
			"is_staff": false,
			"is_active": true,
			"date_joined": "2019-10-11T22:00:00Z",
			"bio": "Hola, me llamo Antonio y me encantan los juegos de mesa",
			"range": "noob",
			"picture": "board/staticfiles/media/myfolder/alejandro_user.jpg",
			"rate": "2",
			"admin": true,
			"groups": [],
			"user_permissions": []
		},
		"model": "user.user",
		"pk": 9
	},
	{
		"fields": {
			"password": "pbkdf2_sha256$150000$40$mbu3EIOy+CJGurks5j21JugGIq6arcSgON2NUt0MTXM=",
			"last_login": null,
			"is_superuser": false,
			"username": "Alejandro",
			"first_name": "Alejandro",
			"last_name": "Rodrigez",
			"email": "alero@gmail.com",
			"is_staff": false,
			"is_active": true,
			"date_joined": "2019-10-11T22:00:00Z",
			"bio": "Hola, me llamo alejandro y me encantan los juegos de mesa",
			"range": "noob",
			"picture": "board/staticfiles/media/myfolder/alejandro_user.jpg",
			"rate": "2",
			"admin": false,
			"groups": [],
			"user_permissions": []
		},
		"model": "user.user",
		"pk": 10
	},
	{
		"fields": {
			"password": "pbkdf2_sha256$150000$40$mbu3EIOy+CJGurks5j21JugGIq6arcSgON2NUt0MTXM=",
			"last_login": null,
			"is_superuser": false,
			"username": "Luis",
			"first_name": "Luis",
			"last_name": "Molinares",
			"email": "luMo@gmail.com",
			"is_staff": false,
			"is_active": true,
			"date_joined": "2019-11-11T22:00:00Z",
			"bio": "Hola, me llamo Luis y me encantan los juegos de mesa",
			"range": "Pro",
			"picture": "board/staticfiles/media/myfolder/luis_user.jpg",
			"rate": "4",
			"admin": false,
			"groups": [],
			"user_permissions": []
		},
		"model": "user.user",
		"pk": 11
	},
	{
		"fields": {
			"password": "pbkdf2_sha256$150000$40$mbu3EIOy+CJGurks5j21JugGIq6arcSgON2NUt0MTXM=",
			"last_login": "2019-11-11T22:00:00Z",
			"is_superuser": false,
			"username": "Rocio",
			"first_name": "Rocio",
			"last_name": "Lopez",
			"email": "RoLo@gmail.com",
			"is_staff": false,
			"is_active": true,
			"date_joined": "2019-11-11T22:00:00Z",
			"bio": "Hola, me llamo Rocio y me encantan los juegos de mesa",
			"range": "Pro",
			"picture": "board/staticfiles/media/myfolder/rocio_user.jpg",
			"rate": "1",
			"admin": false,
			"groups": [],
			"user_permissions": []
		},
		"model": "user.user",
		"pk": 15
	},
	{
		"fields": {
			"password": "pbkdf2_sha256$150000$40$mbu3EIOy+CJGurks5j21JugGIq6arcSgON2NUt0MTXM=",
			"last_login": "2019-11-11T22:00:00Z",
			"is_superuser": false,
			"username": "Juan",
			"first_name": "Juan",
			"last_name": "Ro",
			"email": "juan@gmail.com",
			"is_staff": false,
			"is_active": true,
			"date_joined": "2019-11-11T22:00:00Z",
			"bio": "Hola, soy juan, encantado",
			"range": "Pro",
			"picture": "board/staticfiles/media/myfolder/juan_user.png",
			"rate": "4.5",
			"admin": false,
			"groups": [],
			"user_permissions": []
		},
		"model": "user.user",
		"pk": 16
	},
	{
		"fields": {
			"password": "pbkdf2_sha256$150000$40$mbu3EIOy+CJGurks5j21JugGIq6arcSgON2NUt0MTXM=",
			"last_login": "2019-11-11T22:00:00Z",
			"is_superuser": false,
			"username": "Pedro",
			"first_name": "Pedro",
			"last_name": "Jimenez",
			"email": "Pedro@algo.algo",
			"is_staff": false,
			"is_active": true,
			"date_joined": "2019-11-11T22:00:00Z",
			"bio": "Hola, soy pedro",
			"range": "Noob",
			"picture": "board/staticfiles/media/myfolder/pedro_user.jpg",
			"rate": "2",
			"admin": false,
			"groups": [],
			"user_permissions": []
		},
		"model": "user.user",
		"pk": 50
	},
	{
		"fields": {
			"password": "pbkdf2_sha256$150000$40$mbu3EIOy+CJGurks5j21JugGIq6arcSgON2NUt0MTXM=",
			"last_login": "2019-11-11T22:00:00Z",
			"is_superuser": false,
			"username": "Maria",
			"first_name": "Maria",
			"last_name": "Repollo",
			"email": "Maria@algo.algo",
			"is_staff": false,
			"is_active": true,
			"date_joined": "2019-11-11T22:00:00Z",
			"bio": "Hola, soy Maria",
			"range": "Pro",
			"picture": "board/staticfiles/media/myfolder/maria_user.jpg",
			"rate": "5",
			"admin": false,
			"groups": [],
			"user_permissions": []
		},
		"model": "user.user",
		"pk": 17
	},
	{
		"fields": {
			"password": "pbkdf2_sha256$150000$40$mbu3EIOy+CJGurks5j21JugGIq6arcSgON2NUt0MTXM=",
			"last_login": "2019-11-11T22:00:00Z",
			"is_superuser": false,
			"username": "Paco",
			"first_name": "Paco",
			"last_name": "Saenz",
			"email": "Paco@algo.algo",
			"is_staff": false,
			"is_active": true,
			"date_joined": "2019-11-11T22:00:00Z",
			"bio": "Holaaap, soy Paco",
			"range": "Noob",
			"picture": "board/staticfiles/media/myfolder/paco_user.jpg",
			"rate": "3.5",
			"admin": false,
			"groups": [],
			"user_permissions": []
		},
		"model": "user.user",
		"pk": 18
	},
	{
		"fields": {
			"password": "pbkdf2_sha256$150000$40$mbu3EIOy+CJGurks5j21JugGIq6arcSgON2NUt0MTXM=",
			"last_login": "2019-11-11T22:00:00Z",
			"is_superuser": false,
			"username": "Rafael",
			"first_name": "Rafael",
			"last_name": "Jimenez",
			"email": "Raji@algo.algo",
			"is_staff": false,
			"is_active": true,
			"date_joined": "2019-11-11T22:00:00Z",
			"bio": "Holaaap, soy Rafa y me encantan los juegos de mesa",
			"range": "Noob",
			"picture": "board/staticfiles/media/myfolder/rafael_user.jpg",
			"rate": "1",
			"admin": false,
			"groups": [],
			"user_permissions": []
		},
		"model": "user.user",
		"pk": 29
	},
	{
		"fields": {
			"password": "pbkdf2_sha256$150000$40$mbu3EIOy+CJGurks5j21JugGIq6arcSgON2NUt0MTXM=",
			"last_login": "2019-11-11T22:00:00Z",
			"is_superuser": false,
			"username": "Rodolfo",
			"first_name": "Rodolfo",
			"last_name": "Rios",
			"email": "Rori@algo.algo",
			"is_staff": false,
			"is_active": true,
			"date_joined": "2019-11-11T22:00:00Z",
			"bio": "Holaaap, soy Rodolfo y me encantan los juegos de mesa",
			"range": "Noob",
			"picture": "board/staticfiles/media/myfolder/rodolfo_user.jpeg",
			"rate": "1",
			"admin": false,
			"groups": [],
			"user_permissions": []
		},
		"model": "user.user",
		"pk": 30
	},
{
		"fields": {
			"password": "pbkdf2_sha256$150000$40$mbu3EIOy+CJGurks5j21JugGIq6arcSgON2NUt0MTXM=",
			"last_login": "2019-11-11T22:00:00Z",
			"is_superuser": false,
			"username": "Adrian",
			"first_name": "Adrian",
			"last_name": "Roldan",
			"email": "adrian98rr@algo.algo",
			"is_staff": false,
			"is_active": true,
			"date_joined": "2019-11-11T22:00:00Z",
			"bio": "Holaaap, soy Adrian y me encantan los juegos de mesa",
			"range": "Noob",
			"picture": "board/staticfiles/media/myfolder/adrian_user.jpeg",
			"rate": "2",
			"admin": false,
			"groups": [],
			"user_permissions": []
		},
		"model": "user.user",
		"pk": 31
	},
	{
		"fields": {
			"password": "pbkdf2_sha256$150000$40$mbu3EIOy+CJGurks5j21JugGIq6arcSgON2NUt0MTXM=",
			"last_login": "2019-11-11T22:00:00Z",
			"is_superuser": false,
			"username": "David",
			"first_name": "David",
			"last_name": "Cuevas",
			"email": "david@algo.algo",
			"is_staff": false,
			"is_active": true,
			"date_joined": "2019-11-11T22:00:00Z",
			"bio": "Holaaap, soy David y me encantan los juegos de mesa",
			"range": "Noob",
			"picture": "board/staticfiles/media/myfolder/david_user.jpg",
			"rate": "2",
			"admin": false,
			"groups": [],
			"user_permissions": []
		},
		"model": "user.user",
		"pk": 32
	},
	{
		"fields": {
			"name": "Kitchnexus",
			"description": "Se alquila juego Kitchnexus en perfecto estado, solo lo he usado una vez",
			"status": "Perfecto",
			"price": 20,
			"picture": "board/staticfiles/media/myfolder/kitchnexus.jpg",
			"address": "Calle algarrobo",
			"owner": 10
		},
		"model": "rent.game",
		"pk": 13
	},
	{
		"fields": {
			"name": "Tactics",
			"description": "Alquilo juego de mesa Tactics, esta en perfecto estado y es un juego muy divertido",
			"status": "Perfecto",
			"price": 10,
			"picture": "board/staticfiles/media/myfolder/tactics.jpg",
			"address": "Calle algarrobo",
			"owner": 10
		},
		"model": "rent.game",
		"pk": 12
	},
	{
		"fields": {
			"name": "Preguntados",
			"description": "Alquilo juego de preguntados, esta un poco gastado pero es jugable",
			"status": "Gastado",
			"price": 5,
			"picture": "board/staticfiles/media/myfolder/preguntados.jpg",
			"address": "Calle algarrobo",
			"owner": 11
		},
		"model": "rent.game",
		"pk": 14
	},
	{
		"fields": {
			"name": "Monopoli",
			"description": "Alquilo juego de monopoli en perfecto estado con todas sus piezas y billetes",
			"status": "Perfecto",
			"price": 5,
			"picture": "board/staticfiles/media/myfolder/monopoli.jpeg",
			"address": "Calle Dos",
			"owner": 17
		},
		"model": "rent.game",
		"pk": 20
	},
	{
		"fields": {
			"name": "Fantasma",
			"description": "Alquilo juego Fantasmas, perfecto para toda la familia",
			"status": "Perfecto",
			"price": 20.3,
			"picture": "board/staticfiles/media/myfolder/fantasma.jpeg",
			"address": "Calle Dos",
			"owner": 17
		},
		"model": "rent.game",
		"pk": 21
	},
	{
		"fields": {
			"name": "1000 nombres",
			"description": "Alquilo juego 1000 Nombres, perfecto para toda la familia",
			"status": "Gastado",
			"price": 7,
			"picture": "board/staticfiles/media/myfolder/nombres.jpeg",
			"address": "Calle Dos",
			"owner": 17
		},
		"model": "rent.game",
		"pk": 22
	},
	{
		"fields": {
			"name": "Master Chezz",
			"description": "Se alquila Master Chezz juego para jugar con otra persona",
			"status": "Perfecto",
			"price": 7,
			"picture": "board/staticfiles/media/myfolder/chess.jpeg",
			"address": "Calle de Madrid, Sevilla",
			"owner": 17
		},
		"model": "rent.game",
		"pk": 32
	},
	{
		"fields": {
			"name": "Gestos",
			"description": "Se slquila juego Gestos, esta un poco usado, pero se puede jugar sin problemas",
			"status": "Usado",
			"price": 7,
			"picture": "board/staticfiles/media/myfolder/gestos.jpg",
			"address": "Calle Roja 14, Sevilla",
			"owner": 17
		},
		"model": "rent.game",
		"pk": 33
	},
	{
		"fields": {
			"name": "Mentiroso",
			"description": "Alquilo juego Mentiroso, perfecto para toda la familia",
			"status": "Perfecto",
			"price": 7,
			"picture": "board/staticfiles/media/myfolder/mentiroso.jpeg",
			"address": "Calle Azafran, Sevilla",
			"owner": 18
		},
		"model": "rent.game",
		"pk": 34
	},
	{
		"fields": {
			"name": "La Superclase",
			"description": "Alquilo juego la Superclase, perfecto para toda la familia",
			"status": "Perfecto",
			"price": 7,
			"picture": "board/staticfiles/media/myfolder/superclase.jpeg",
			"address": "Calle Juan Carlos, Sevilla",
			"owner": 30
		},
		"model": "rent.game",
		"pk": 35
	},
	{
		"fields": {
			"name": "Chess Games",
			"description": "El juego esta gastado pero es jugable y ademas muy divertido",
			"status": "Gastado",
			"price": 7,
			"picture": "board/staticfiles/media/myfolder/chessgames.jpeg",
			"address": "Calle de las Rosas, Sevilla",
			"owner": 30
		},
		"model": "rent.game",
		"pk": 36
	},
	{
		"fields": {
			"name": "Juegos Reunidos",
			"description": "Alquiilo Juegos reunidos, es un juego que incluye una gran variedad de juegos, aunque un poco gastado es jugable",
			"status": "Gastado",
			"price": 7,
			"picture": "board/staticfiles/media/myfolder/juegos.jpeg",
			"address": "Calle Amapolas 12, Sevilla",
			"owner": 31
		},
		"model": "rent.game",
		"pk": 37
	},
	{
		"fields": {
			"name": "Alto voltaje",
			"description": "Juego alto voltaje, en perfecto estado",
			"status": "Perfecto",
			"price": 7,
			"picture": "board/staticfiles/media/myfolder/voltaje.jpeg",
			"address": "Calle los pajaros, Sevilla",
			"owner": 32
		},
		"model": "rent.game",
		"pk": 38
	},
	{
		"fields": {
			"name": "5 segundos",
			"description": "Alquio juego 5 segundos, u poco usado pero muy divertido",
			"status": "Usado",
			"price": 3,
			"picture": "board/staticfiles/media/myfolder/segundos.jpeg",
			"address": "Calle Arrozal, Sevilla",
			"owner": 10
		},
		"model": "rent.game",
		"pk": 39
	},
	{
		"fields": {
			"name": "Mad",
			"description": "Alquilo juego Mad aun sin usar, esta nuevo sin uso",
			"status": "Nuevo",
			"price": 12,
			"picture": "board/staticfiles/media/myfolder/mad.jpeg",
			"address": "Calle Pedro Fernandez, Sevilla",
			"owner": 11
		},
		"model": "rent.game",
		"pk": 40
	},
	{
		"fields": {
			"name": "Juego de mesa de Bob Esponja",
			"description": "Alquilo juego de mesa de bob esponja para que puedas jugar con tus hijos",
			"status": "Perfecto",
			"price": 10,
			"picture": "board/staticfiles/media/myfolder/esponja.jpeg",
			"address": "Calle la macarena, Sevilla",
			"owner": 10
		},
		"model": "rent.game",
		"pk": 41
	},
	{
		"fields": {
			"name": "BackGammon",
			"description": "Alquilo juego BackGammon un poco gastado, pero jugable",
			"status": "Gastado",
			"price": 7,
			"picture": "board/staticfiles/media/myfolder/backgammon.jpeg",
			"address": "Calle Maracas, Sevilla",
			"owner": 16
		},
		"model": "rent.game",
		"pk": 42
	},
	{
		"fields": {
			"name": "El gran Reto",
			"description": "Esta en perfecto estado y es un juego muy divertido",
			"status": "Perfecto",
			"price": 7,
			"picture": "board/staticfiles/media/myfolder/reto.jpeg",
			"address": "Calle los Cisnes, Sevilla",
			"owner": 15
		},
		"model": "rent.game",
		"pk": 43
	},
	{
		"fields": {
			"name": "Profesiones",
			"description": "Aunque usado apenas se nota el uso y es muy divertido",
			"status": "Usado",
			"price": 5,
			"picture": "board/staticfiles/media/myfolder/profesiones.jpeg",
			"address": "Calle Azucena, Sevilla",
			"owner": 10
		},
		"model": "rent.game",
		"pk": 44
	},
	{
		"fields": {
			"name": "Cranium",
			"description": "Jueg para toda la familia apenas usado",
			"status": "Usado",
			"price": 6,
			"picture": "board/staticfiles/media/myfolder/cranium.jpeg",
			"address": "Calle Sor Gregoria, Sevilla",
			"owner": 32
		},
		"model": "rent.game",
		"pk": 45
	},
	{
		"fields": {
			"ticker": "ABC-1234",
			"rentable": true,
			"initial_date": "2020-06-06T22:00:00Z",
			"user": 16,
			"days": 3,
			"game": 22
		},
		"model": "rent.rent",
		"pk": 51
	},
	{
		"fields": {
			"ticker": "ABC-2222",
			"rentable": true,
			"initial_date": "2020-06-06T22:00:00Z",
			"user": 10,
			"days": 1,
			"game": 45
		},
		"model": "rent.rent",
		"pk": 52
	},
	{
		"fields": {
			"ticker": "AFC-3333",
			"rentable": true,
			"initial_date": "2020-06-06T22:00:00Z",
			"user": 32,
			"days": 1,
			"game": 44
		},
		"model": "rent.rent",
		"pk": 53
	},
	{
		"fields": {
			"ticker": "GBC-3421",
			"rentable": true,
			"initial_date": "2020-06-06T22:00:00Z",
			"user": 16,
			"days": 4,
			"game": 43
		},
		"model": "rent.rent",
		"pk": 54
	},
	{
		"fields": {
			"ticker": "DBC-6234",
			"rentable": true,
			"initial_date": "2020-06-06T22:00:00Z",
			"user": 10,
			"days": 5,
			"game": 42
		},
		"model": "rent.rent",
		"pk": 55
	},
	{
		"fields": {
			"ticker": "ALC-1884",
			"rentable": true,
			"initial_date": "2020-06-06T22:00:00Z",
			"days": 2,
			"user": 16,
			"game": 41
		},
		"model": "rent.rent",
		"pk": 56
	},
	{
		"fields": {
			"ticker": "EBC-1214",
			"rentable": true,
			"initial_date": "2020-06-06T22:00:00Z",
			"days": 1,
			"user": 10,
			"game": 40
		},
		"model": "rent.rent",
		"pk": 57
	},
	{
		"fields": {
			"ticker": "AAA-1634",
			"rentable": true,
			"initial_date": "2020-06-06T22:00:00Z",
			"days": 1,
			"user": 11,
			"game": 39
		},
		"model": "rent.rent",
		"pk": 58
	},
	{
		"fields": {
			"fromUser": 16,
			"toUser": 17,
			"comment": "Todo perfecto, muy amable"
		},
		"model": "reviews.comment",
		"pk": 25
	},
	{
		"fields": {
			"fromUser": 16,
			"toUser": 17,
			"rate": 4
		},
		"model": "reviews.valoration",
		"pk": 26
	},
	{
		"fields": {
			"fromUser": 17,
			"toUser": 16,
			"comment": "Una persona maja y fiable"
		},
		"model": "reviews.comment",
		"pk": 27
	},
	{
		"fields": {
			"fromUser": 17,
			"toUser": 16,
			"rate": 5
		},
		"model": "reviews.valoration",
		"pk": 28
	},

	{
		"fields": {
			"fromUser": 10,
			"toUser": 32,
			"comment": "Todo perfecto, muy amable"
		},
		"model": "reviews.comment",
		"pk": 59
	},
	{
		"fields": {
			"fromUser": 10,
			"toUser": 32,
			"rate": 4
		},
		"model": "reviews.valoration",
		"pk": 60
	},
	{
		"fields": {
			"fromUser": 32,
			"toUser": 10,
			"comment": "Una persona maja y fiable"
		},
		"model": "reviews.comment",
		"pk": 61
	},
	{
		"fields": {
			"fromUser": 32,
			"toUser": 10,
			"rate": 5
		},
		"model": "reviews.valoration",
		"pk": 62
	},
		{
		"fields": {
			"fromUser": 10,
			"toUser": 11,
			"comment": "Muy bien todo"
		},
		"model": "reviews.comment",
		"pk": 63
	},
	{
		"fields": {
			"fromUser": 10,
			"toUser": 11,
			"rate": 4
		},
		"model": "reviews.valoration",
		"pk": 64
	},
	{
		"fields": {
			"fromUser": 11,
			"toUser": 10,
			"comment": "Muy agradecido por el juego"
		},
		"model": "reviews.comment",
		"pk": 65
	},
	{
		"fields": {
			"fromUser": 11,
			"toUser": 10,
			"rate": 5
		},
		"model": "reviews.valoration",
		"pk": 66
	},
		{
		"fields": {
			"fromUser": 10,
			"toUser": 16,
			"comment": "Una persona al maximo confiable"
		},
		"model": "reviews.comment",
		"pk": 67
	},
	{
		"fields": {
			"fromUser": 10,
			"toUser": 16,
			"rate": 4
		},
		"model": "reviews.valoration",
		"pk": 68
	},
	{
		"fields": {
			"fromUser": 16,
			"toUser": 10,
			"comment": "Esta persona es fiable al 100% y ademas my amable"
		},
		"model": "reviews.comment",
		"pk": 69
	},
	{
		"fields": {
			"fromUser": 16,
			"toUser": 10,
			"rate": 5
		},
		"model": "reviews.valoration",
		"pk": 70
	}
]
