[
	{
		"fields": {
			"password": "pbkdf2_sha256$150000$NkJYhIaHlBxQ$oaUY2Qf8hNbNC41FCxM3QdiX+I7zIe/KYHOLh7A6Xjc=",
			"last_login": null,
			"is_superuser": false,
			"username": "admin-ant",
			"first_name": "Antonio",
			"last_name": "Macías",
			"email": "antmaczam@gmail.com",
			"address": "Calle J, Sevilla",
			"lat": 37.2315018,
			"lon": -4.900497,
			"phone": "666666666",
			"is_staff": false,
			"is_active": true,
			"date_joined": "2019-10-11T22:00:00Z",
			"bio": "Hola, me llamo Antonio y me encantan los juegos de mesa",
			"range": "noob",
			"picture": "board/staticfiles/media/myfolder/alejandro_user.jpg",
			"rate": "2",
			"admin": true,
			"groups": [],
			"user_permissions": []
		},
		"model": "user.user",
		"pk": 9
	},
	{
		"fields": {
			"password": "pbkdf2_sha256$150000$40$mbu3EIOy+CJGurks5j21JugGIq6arcSgON2NUt0MTXM=",
			"last_login": null,
			"is_superuser": false,
			"username": "Alejandro",
			"first_name": "Alejandro",
			"last_name": "Rodrigez",
			"email": "alero@gmail.com",
			"address": "Calle lisboa, Sevilla",
			"lat": 37.3727168,
			"lon": -5.9575983,
			"phone": "666666666",
			"is_staff": false,
			"is_active": true,
			"date_joined": "2019-10-11T22:00:00Z",
			"bio": "Hola, me llamo alejandro y me encantan los juegos de mesa",
			"range": "noob",
			"picture": "board/staticfiles/media/myfolder/alejandro_user.jpg",
			"rate": "2",
			"admin": false,
			"groups": [],
			"user_permissions": []
		},
		"model": "user.user",
		"pk": 10
	},
	{
		"fields": {
			"password": "pbkdf2_sha256$150000$40$mbu3EIOy+CJGurks5j21JugGIq6arcSgON2NUt0MTXM=",
			"last_login": null,
			"is_superuser": false,
			"username": "gonferde",
			"first_name": "Gonzalo",
			"last_name": "Fernández",
			"email": "luMo@gmail.com",
			"address": "Calle del leon, Madrid",
			"lat": 40.4133531,
			"lon": -3.6991122,
			"phone": "666666666",
			"is_staff": false,
			"is_active": true,
			"date_joined": "2019-11-11T22:00:00Z",
			"bio": "Hola, me llamo Gonzalo y me encantan los juegos de mesa",
			"range": "Pro",
			"picture": "board/staticfiles/media/myfolder/luis_user.jpg",
			"rate": "4",
			"admin": false,
			"groups": [],
			"user_permissions": []
		},
		"model": "user.user",
		"pk": 11
	},
	{
		"fields": {
			"password": "pbkdf2_sha256$150000$40$mbu3EIOy+CJGurks5j21JugGIq6arcSgON2NUt0MTXM=",
			"last_login": "2019-11-11T22:00:00Z",
			"is_superuser": false,
			"username": "Rocio",
			"first_name": "Rocio",
			"last_name": "Lopez",
			"email": "RoLo@gmail.com",
			"address": "Calle de Segovia, Madrid",
			"lat": 40.4139959,
			"lon": -3.7216055,
			"phone": "666666666",
			"is_staff": false,
			"is_active": true,
			"date_joined": "2019-11-11T22:00:00Z",
			"bio": "Hola, me llamo Rocio y me encantan los juegos de mesa",
			"range": "Pro",
			"picture": "board/staticfiles/media/myfolder/rocio_user.jpg",
			"rate": "1",
			"admin": false,
			"groups": [],
			"user_permissions": []
		},
		"model": "user.user",
		"pk": 15
	},
	{
		"fields": {
			"password": "pbkdf2_sha256$150000$40$mbu3EIOy+CJGurks5j21JugGIq6arcSgON2NUt0MTXM=",
			"last_login": "2019-11-11T22:00:00Z",
			"is_superuser": false,
			"username": "Juan",
			"first_name": "Juan",
			"last_name": "Ro",
			"email": "juan@gmail.com",
			"address": "Avenida de la Constitucion, Sevilla",
			"lat": 37.4632789,
			"lon": -6.0123552,
			"phone": "666666666",
			"is_staff": false,
			"is_active": true,
			"date_joined": "2019-11-11T22:00:00Z",
			"bio": "Hola, soy juan, encantado",
			"range": "Pro",
			"picture": "board/staticfiles/media/myfolder/juan_user.png",
			"rate": "4.5",
			"admin": false,
			"groups": [],
			"user_permissions": []
		},
		"model": "user.user",
		"pk": 16
	},
	{
		"fields": {
			"password": "pbkdf2_sha256$150000$40$mbu3EIOy+CJGurks5j21JugGIq6arcSgON2NUt0MTXM=",
			"last_login": "2019-11-11T22:00:00Z",
			"is_superuser": false,
			"username": "Pedro",
			"first_name": "Pedro",
			"last_name": "Jimenez",
			"email": "Pedro@algo.algo",
			"address": "Cuesta de las calesas, Cadiz",
			"lat": 36.5299009,
			"lon": -6.2902208,
			"phone": "666666666",
			"is_staff": false,
			"is_active": true,
			"date_joined": "2019-11-11T22:00:00Z",
			"bio": "Hola, soy pedro",
			"range": "Noob",
			"picture": "board/staticfiles/media/myfolder/pedro_user.jpg",
			"rate": "2",
			"admin": false,
			"groups": [],
			"user_permissions": []
		},
		"model": "user.user",
		"pk": 50
	},
	{
		"fields": {
			"password": "pbkdf2_sha256$150000$40$mbu3EIOy+CJGurks5j21JugGIq6arcSgON2NUt0MTXM=",
			"last_login": "2019-11-11T22:00:00Z",
			"is_superuser": false,
			"username": "mariarp",
			"first_name": "Maria",
			"last_name": "Repollo",
			"email": "Maria@algo.algo",
			"address": "Pedro Fernandez Moreno, Sevilla",
			"lat": 37.365379,
			"lon": -5.987466,
			"phone": "666666666",
			"is_staff": false,
			"is_active": true,
			"date_joined": "2019-11-11T22:00:00Z",
			"bio": "Hola, soy Maria",
			"range": "Pro",
			"picture": "board/staticfiles/media/myfolder/maria_user.jpg",
			"rate": "5",
			"admin": false,
			"groups": [],
			"user_permissions": []
		},
		"model": "user.user",
		"pk": 17
	},
	{
		"fields": {
			"password": "pbkdf2_sha256$150000$40$mbu3EIOy+CJGurks5j21JugGIq6arcSgON2NUt0MTXM=",
			"last_login": "2019-11-11T22:00:00Z",
			"is_superuser": false,
			"username": "Paco",
			"first_name": "Paco",
			"last_name": "Saenz",
			"email": "Paco@algo.algo",
			"address": "Calle ancha, Cadiz",
			"lat": 36.5335746,
			"lon": -6.2976799,
			"phone": "666666666",
			"is_staff": false,
			"is_active": true,
			"date_joined": "2019-11-11T22:00:00Z",
			"bio": "Holaaap, soy Paco",
			"range": "Noob",
			"picture": "board/staticfiles/media/myfolder/paco_user.jpg",
			"rate": "3.5",
			"admin": false,
			"groups": [],
			"user_permissions": []
		},
		"model": "user.user",
		"pk": 18
	},
	{
		"fields": {
			"password": "pbkdf2_sha256$150000$40$mbu3EIOy+CJGurks5j21JugGIq6arcSgON2NUt0MTXM=",
			"last_login": "2019-11-11T22:00:00Z",
			"is_superuser": false,
			"username": "Rafael",
			"first_name": "Rafael",
			"last_name": "Jimenez",
			"email": "Raji@algo.algo",
			"address": "Calle algaida k, Sanlucar de Barrameda",
			"lat": 36.778636,
			"lon": -6.348714,
			"phone": "666666666",
			"is_staff": false,
			"is_active": true,
			"date_joined": "2019-11-11T22:00:00Z",
			"bio": "Holaaap, soy Rafa y me encantan los juegos de mesa",
			"range": "Noob",
			"picture": "board/staticfiles/media/myfolder/rafael_user.jpg",
			"rate": "1",
			"admin": false,
			"groups": [],
			"user_permissions": []
		},
		"model": "user.user",
		"pk": 29
	},
	{
		"fields": {
			"password": "pbkdf2_sha256$150000$40$mbu3EIOy+CJGurks5j21JugGIq6arcSgON2NUt0MTXM=",
			"last_login": "2019-11-11T22:00:00Z",
			"is_superuser": false,
			"username": "Rodolfo",
			"first_name": "Rodolfo",
			"last_name": "Rios",
			"email": "Rori@algo.algo",
			"address": "Avenida de la Constitucion, Sevilla",
			"lat": 37.4632789,
			"lon": -6.0123552,
			"phone": "666666666",
			"is_staff": false,
			"is_active": true,
			"date_joined": "2019-11-11T22:00:00Z",
			"bio": "Holaaap, soy Rodolfo y me encantan los juegos de mesa",
			"range": "Noob",
			"picture": "board/staticfiles/media/myfolder/rodolfo_user.jpeg",
			"rate": "1",
			"admin": false,
			"groups": [],
			"user_permissions": []
		},
		"model": "user.user",
		"pk": 30
	},
{
		"fields": {
			"password": "pbkdf2_sha256$150000$40$mbu3EIOy+CJGurks5j21JugGIq6arcSgON2NUt0MTXM=",
			"last_login": "2019-11-11T22:00:00Z",
			"is_superuser": false,
			"username": "Adrian",
			"first_name": "Adrian",
			"last_name": "Roldan",
			"email": "adrian98rr@algo.algo",
			"address": "Avenida del Cid, Sevilla",
			"lat": 37.380241,
			"lon": -5.989016,
			"phone": "666666666",
			"is_staff": false,
			"is_active": true,
			"date_joined": "2019-11-11T22:00:00Z",
			"bio": "Holaaap, soy Adrian y me encantan los juegos de mesa",
			"range": "Noob",
			"picture": "board/staticfiles/media/myfolder/adrian_user.jpeg",
			"rate": "2",
			"admin": false,
			"groups": [],
			"user_permissions": []
		},
		"model": "user.user",
		"pk": 31
	},
	{
		"fields": {
			"password": "pbkdf2_sha256$150000$40$mbu3EIOy+CJGurks5j21JugGIq6arcSgON2NUt0MTXM=",
			"last_login": "2019-11-11T22:00:00Z",
			"is_superuser": false,
			"username": "David",
			"first_name": "David",
			"last_name": "Cuevas",
			"email": "david@algo.algo",
			"address": "Sor gregoria, Sevilla",
			"lat": 37.3634195,
			"lon": -5.9873174,
			"phone": "666666666",
			"is_staff": false,
			"is_active": true,
			"date_joined": "2019-11-11T22:00:00Z",
			"bio": "Holaaap, soy David y me encantan los juegos de mesa",
			"range": "Noob",
			"picture": "board/staticfiles/media/myfolder/david_user.jpeg",
			"rate": "2",
			"admin": false,
			"groups": [],
			"user_permissions": []
		},
		"model": "user.user",
		"pk": 32
	},
	{
		"fields": {
			"name": "Catan",
			"description": "Se alquila juego Catan en perfecto estado, solo lo he usado una vez",
			"status": "Nuevo",
			"price": 4,
			"picture": "board/staticfiles/media/myfolder/catan.jpg",
			"owner": 10
		},
		"model": "rent.game",
		"pk": 13
	},
	{
		"fields": {
			"name": "Exploding kittens",
			"description": "Alquilo juego de mesa, esta en perfecto estado y es un juego muy divertido",
			"status": "Nuevo",
			"price": 1,
			"picture": "board/staticfiles/media/myfolder/exploding_kittens.jpg",
			"owner": 10
		},
		"model": "rent.game",
		"pk": 12
	},
	{
		"fields": {
			"name": "Preguntados",
			"description": "Alquilo juego de preguntados, esta un poco gastado pero es jugable",
			"status": "Desgastado",
			"price": 2,
			"picture": "board/staticfiles/media/myfolder/preguntados.jpg",
			"owner": 11
		},
		"model": "rent.game",
		"pk": 14
	},
	{
		"fields": {
			"name": "Monopoly",
			"description": "Alquilo juego de monopoli en perfecto estado con todas sus piezas y billetes",
			"status": "Nuevo",
			"price": 2,
			"picture": "board/staticfiles/media/myfolder/monopoli.jpeg",
			"owner": 17
		},
		"model": "rent.game",
		"pk": 20
	},
	{
		"fields": {
			"name": "Bang",
			"description": "Edición con todos las expansiones",
			"status": "Nuevo",
			"price": 2.5,
			"picture": "board/staticfiles/media/myfolder/bang.jpg",
			"owner": 17
		},
		"model": "rent.game",
		"pk": 21
	},
	{
		"fields": {
			"name": "Munchkin",
			"description": "Alquilo juego de cartas, perfecto para toda la familia",
			"status": "Desgastado",
			"price": 2,
			"picture": "board/staticfiles/media/myfolder/munchkin.jpg",
			"owner": 17
		},
		"model": "rent.game",
		"pk": 22
	},
	{
		"fields": {
			"name": "Time's Up",
			"description": "Se alquila juego para jugar con otras persona",
			"status": "Usado",
			"price": 1.5,
			"picture": "board/staticfiles/media/myfolder/times_up.jpg",
			"owner": 17
		},
		"model": "rent.game",
		"pk": 32
	},
	{
		"fields": {
			"name": "Gestos",
			"description": "Se slquila juego Gestos, esta un poco usado, pero se puede jugar sin problemas",
			"status": "Usado",
			"price": 1.4,
			"picture": "board/staticfiles/media/myfolder/gestos.jpg",
			"owner": 17
		},
		"model": "rent.game",
		"pk": 33
	},
	{
		"fields": {
			"name": "Mentiroso",
			"description": "Alquilo juego Mentiroso, perfecto para toda la familia",
			"status": "Nuevo",
			"price": 1,
			"picture": "board/staticfiles/media/myfolder/mentiroso.jpeg",
			"owner": 18
		},
		"model": "rent.game",
		"pk": 34
	},
	{
		"fields": {
			"name": "Virus",
			"description": "Alquilo juego virus, perfecto para toda la familia",
			"status": "Nuevo",
			"price": 2.2,
			"picture": "board/staticfiles/media/myfolder/virus.jpg",
			"owner": 30
		},
		"model": "rent.game",
		"pk": 35
	},
	{
		"fields": {
			"name": "Chess Games",
			"description": "El juego esta gastado pero es jugable y ademas muy divertido",
			"status": "Desgastado",
			"price": 1.3,
			"picture": "board/staticfiles/media/myfolder/chessgames.jpeg",
			"owner": 30
		},
		"model": "rent.game",
		"pk": 36
	},
	{
		"fields": {
			"name": "Risk",
			"description": "Alquiilo estrategia Risk",
			"status": "Desgastado",
			"price": 5,
			"picture": "board/staticfiles/media/myfolder/risk.jpg",
			"owner": 31
		},
		"model": "rent.game",
		"pk": 37
	},
	{
		"fields": {
			"name": "Risk juego de tronos",
			"description": "Juego risk con la temática de juego de tronos",
			"status": "Nuevo",
			"price": 8,
			"picture": "board/staticfiles/media/myfolder/risk_got.jpg",
			"owner": 32
		},
		"model": "rent.game",
		"pk": 38
	},
	{
		"fields": {
			"name": "Sushi go",
			"description": "Alquio juego, un poco usado pero muy divertido",
			"status": "Usado",
			"price": 1,
			"picture": "board/staticfiles/media/myfolder/sushi_go.jpg",
			"owner": 10
		},
		"model": "rent.game",
		"pk": 39
	},
	{
		"fields": {
			"name": "Exit",
			"description": "Alquilo juego Exit la cabaña abandonada",
			"status": "Nuevo",
			"price": 3,
			"picture": "board/staticfiles/media/myfolder/mad.jpeg",
			"owner": 11
		},
		"model": "rent.game",
		"pk": 40
	},
	{
		"fields": {
			"name": "Juego de mesa de Bob Esponja",
			"description": "Alquilo juego de mesa de bob esponja para que puedas jugar con tus hijos",
			"status": "Usado",
			"price": 4,
			"picture": "board/staticfiles/media/myfolder/esponja.jpeg",
			"owner": 10
		},
		"model": "rent.game",
		"pk": 41
	},
	{
		"fields": {
			"name": "Dixit",
			"description": "Alquilo juego Dixit un poco gastado, pero jugable",
			"status": "Desgastado",
			"price": 3.6,
			"picture": "board/staticfiles/media/myfolder/dixit.jpg",
			"owner": 16
		},
		"model": "rent.game",
		"pk": 42
	},
	{
		"fields": {
			"name": "Jungle Speed",
			"description": "Esta en perfecto estado y es la versión para la playa",
			"status": "Nuevo",
			"price": 1.5,
			"picture": "board/staticfiles/media/myfolder/jungle.jpg",
			"owner": 15
		},
		"model": "rent.game",
		"pk": 43
	},
	{
		"fields": {
			"name": "Zombicide",
			"description": "Aunque usado apenas se nota el uso y es muy divertido",
			"status": "Usado",
			"price": 3,
			"picture": "board/staticfiles/media/myfolder/zombie.jpg",
			"owner": 10
		},
		"model": "rent.game",
		"pk": 44
	},
	{
		"fields": {
			"name": "Ciudadelas",
			"description": "Juego para toda la familia apenas usado",
			"status": "Usado",
			"price": 2.1,
			"picture": "board/staticfiles/media/myfolder/ciudadelas.jpg",
			"owner": 32
		},
		"model": "rent.game",
		"pk": 45
	},
	{
		"fields": {
			"ticker": "ABC-1234",
			"rentable": false,
			"deliver":false,
			"initial_date": "2020-06-06T22:00:00Z",
			"user": 16,
			"days": 3,
			"game": 22
		},
		"model": "rent.rent",
		"pk": 51
	},
	{
		"fields": {
			"ticker": "ABC-2222",
			"rentable": false,
			"deliver":false,
			"initial_date": "2020-06-06T22:00:00Z",
			"user": 10,
			"days": 1,
			"game": 45
		},
		"model": "rent.rent",
		"pk": 52
	},

	{
		"fields": {
			"ticker": "AFC-3333",
			"rentable": false,
			"deliver":false,
			"initial_date": "2020-06-06T22:00:00Z",
			"user": 32,
			"days": 1,
			"game": 44
		},
		"model": "rent.rent",
		"pk": 53
	},
	{
		"fields": {
			"ticker": "GBC-3421",
			"rentable": false,
			"deliver":false,
			"initial_date": "2020-06-06T22:00:00Z",
			"user": 16,
			"days": 4,
			"game": 43
		},
		"model": "rent.rent",
		"pk": 54
	},
	{
		"fields": {
			"ticker": "DBC-6234",
			"rentable": false,
			"deliver":false,
			"initial_date": "2020-06-06T22:00:00Z",
			"user": 10,
			"days": 5,
			"game": 42
		},
		"model": "rent.rent",
		"pk": 55
	},
	{
		"fields": {
			"ticker": "ALC-1884",
			"rentable": false,
			"deliver":false,
			"initial_date": "2020-06-06T22:00:00Z",
			"days": 2,
			"user": 16,
			"game": 41
		},
		"model": "rent.rent",
		"pk": 56
	},
	{
		"fields": {
			"ticker": "EBC-1214",
			"rentable": false,
			"deliver":false,
			"initial_date": "2020-06-06T22:00:00Z",
			"days": 1,
			"user": 10,
			"game": 40
		},
		"model": "rent.rent",
		"pk": 57
	},
	{
		"fields": {
			"ticker": "AAA-1634",
			"rentable": false,
			"deliver":false,
			"initial_date": "2020-06-06T22:00:00Z",
			"days": 1,
			"user": 11,
			"game": 39
		},
		"model": "rent.rent",
		"pk": 58
	},
	{
		"fields": {
			"fromUser": 16,
			"toUser": 17,
			"comment": "Todo perfecto, muy amable"
		},
		"model": "reviews.comment",
		"pk": 25
	},
	{
		"fields": {
			"fromUser": 16,
			"toUser": 17,
			"rate": 4
		},
		"model": "reviews.valoration",
		"pk": 26
	},
	{
		"fields": {
			"fromUser": 17,
			"toUser": 16,
			"comment": "Una persona maja y fiable"
		},
		"model": "reviews.comment",
		"pk": 27
	},
	{
		"fields": {
			"fromUser": 17,
			"toUser": 16,
			"rate": 5
		},
		"model": "reviews.valoration",
		"pk": 28
	},

	{
		"fields": {
			"fromUser": 10,
			"toUser": 32,
			"comment": "Todo perfecto, muy amable"
		},
		"model": "reviews.comment",
		"pk": 59
	},
	{
		"fields": {
			"fromUser": 10,
			"toUser": 32,
			"rate": 4
		},
		"model": "reviews.valoration",
		"pk": 60
	},
	{
		"fields": {
			"fromUser": 32,
			"toUser": 10,
			"comment": "Una persona maja y fiable"
		},
		"model": "reviews.comment",
		"pk": 61
	},
	{
		"fields": {
			"fromUser": 32,
			"toUser": 10,
			"rate": 5
		},
		"model": "reviews.valoration",
		"pk": 62
	},
		{
		"fields": {
			"fromUser": 10,
			"toUser": 11,
			"comment": "Muy bien todo"
		},
		"model": "reviews.comment",
		"pk": 63
	},
	{
		"fields": {
			"fromUser": 10,
			"toUser": 11,
			"rate": 4
		},
		"model": "reviews.valoration",
		"pk": 64
	},
	{
		"fields": {
			"fromUser": 11,
			"toUser": 10,
			"comment": "Muy agradecido por el juego"
		},
		"model": "reviews.comment",
		"pk": 65
	},
	{
		"fields": {
			"fromUser": 11,
			"toUser": 10,
			"rate": 5
		},
		"model": "reviews.valoration",
		"pk": 66
	},
		{
		"fields": {
			"fromUser": 10,
			"toUser": 16,
			"comment": "Una persona al maximo confiable"
		},
		"model": "reviews.comment",
		"pk": 67
	},
	{
		"fields": {
			"fromUser": 10,
			"toUser": 16,
			"rate": 4
		},
		"model": "reviews.valoration",
		"pk": 68
	},
	{
		"fields": {
			"fromUser": 16,
			"toUser": 10,
			"comment": "Esta persona es fiable al 100% y ademas my amable"
		},
		"model": "reviews.comment",
		"pk": 69
	},
	{
		"fields": {
			"fromUser": 16,
			"toUser": 10,
			"rate": 5
		},
		"model": "reviews.valoration",
		"pk": 70  
	},
	{
		"fields": {
			"user": 9, 
			"items": []
		},
		"model": "rent.juegosFav",
		"pk": 110
	},
	{
		"fields": {
			"user": 10,
			"items": []
		},
		"model": "rent.juegosFav",
		"pk": 111
	},
	{
		"fields": {
			"user": 11,
			"items": []
		},
		"model": "rent.juegosFav",
		"pk": 112
	},
	{
		"fields": {
			"user": 15,
			"items": []
		},
		"model": "rent.juegosFav",
		"pk": 113
	},
	{
		"fields": {
			"user": 16,
			"items": []
		},
		"model": "rent.juegosFav",
		"pk": 114
	},
	{
		"fields": {
			"user": 50,
			"items": []
		},
		"model": "rent.juegosFav",
		"pk": 115
	},
	{
		"fields": {
			"user": 17,
			"items": []
		},
		"model": "rent.juegosFav",
		"pk": 116
	},
	{
		"fields": {
			"user": 18,
			"items": []
		},
		"model": "rent.juegosFav",
		"pk": 117
	},
	{
		"fields": {
			"user": 29,
			"items": []
		},
		"model": "rent.juegosFav",
		"pk": 118
	},
	{
		"fields": {
			"user": 30,
			"items": []
		},
		"model": "rent.juegosFav",
		"pk": 119
	},
	{
		"fields": {
			"user": 31,
			"items": []
		},
		"model": "rent.juegosFav",
		"pk": 120
	},
	{
		"fields": {
			"user": 32,
			"items": []
		},
		"model": "rent.juegosFav",
		"pk": 121
	}
]
